task_id,rubric_item_id,weight,criterion,method,implementation_note,owner
8c8fc328-69fc-4559-a13f-82087baef0a1,454020fa-dc8b-49a5-a412-bec38e346bd1,5,The submitted script is delivered as a .docx Word document,,,
8c8fc328-69fc-4559-a13f-82087baef0a1,27e88f73-ce2e-4a6b-9e67-4ead80ef436f,2,"The script includes the title string: ""Unseen Realms: The Microscopic Marvels""",,,
8c8fc328-69fc-4559-a13f-82087baef0a1,6a248ca2-1440-48eb-a70f-5e83c92ba4e7,1,"The script contains timecodes using mm:ss formatting (e.g., 00:30) to indicate timing for events or segments",,,
8c8fc328-69fc-4559-a13f-82087baef0a1,c4873059-c5ae-4555-86d7-19fb851cc9bc,1,"All time indications use mm:ss only (no formats like “3 min”, “1m30s”, or clock-style times)",,,
8c8fc328-69fc-4559-a13f-82087baef0a1,ce6fe8d0-30a7-4e9f-9e24-78f222ce3bc5,2,The total runtime implied by the timestamps is between 2:00 and 8:00 (inclusive),,,
8c8fc328-69fc-4559-a13f-82087baef0a1,83651fb4-7dad-4142-808b-d9233be69172,2,The document length is fewer than 5 pages (page count ≤ 4 when opened in a standard word processor),,,
8c8fc328-69fc-4559-a13f-82087baef0a1,a1c5c616-89b8-42d7-afef-8dc7a916191f,1,"The script avoids camera/lens technical directions and jargon (terms such as pan, tilt, dolly, crane, rack focus, focal length, CU, ECU, ISO, shutter, fps, SMPTE do not appear)",,,
8c8fc328-69fc-4559-a13f-82087baef0a1,d7893b64-b971-4ffc-b736-669b1d375149,2,"Generalized scene/visual descriptions accompany the narration (i.e., visuals are described at a conceptual level rather than shot instructions)",,,
8c8fc328-69fc-4559-a13f-82087baef0a1,c89be890-da58-49da-8f64-15a61107fa8f,1,Language is broadcast‑safe (no profanity or slang unsuitable for broadcast),,,
8c8fc328-69fc-4559-a13f-82087baef0a1,14df6c2b-a7b3-4680-8607-4df9631df0dc,1,"No graphic or frightening depictions inappropriate for children appear (terms like gory, bloody, grisly are absent)",,,
8c8fc328-69fc-4559-a13f-82087baef0a1,1c6bdd3f-6621-4cd2-9f4d-827734ce652f,2,"Narration content is substantively consistent with page 1 of the reference ('Nature Doc Key Info and VO.docx'), covering all specified narrator lines/topics verbatim or via faithful paraphrase",,,
8c8fc328-69fc-4559-a13f-82087baef0a1,e19537c0-7ba3-403e-bfdb-f44153f16246,2,Visual descriptions do not contradict any VO beat from page 1 of the reference 'Nature Doc Key Info and VO.docx',,,
8c8fc328-69fc-4559-a13f-82087baef0a1,9c83ac81-e051-4a74-8057-5c6620aeb142,2,"The script includes a segment that establishes an active, hidden microscopic universe made visible by the invention of the microscope (Sequence 1 content)",,,
8c8fc328-69fc-4559-a13f-82087baef0a1,c9015609-218d-4057-8143-e90cb4cde20b,2,"The script includes a segment highlighting early observations of single‑celled organisms in common environments (e.g., pond water), emphasizing their movements and interactions (Sequence 2 content)",,,
8c8fc328-69fc-4559-a13f-82087baef0a1,6f3c9df6-9773-4429-9638-8439b5b338ea,2,"The script includes a segment covering essential cellular‑level processes (e.g., cell division) and the idea that cells are the building blocks of all organisms (Sequence 3 content)",,,
8c8fc328-69fc-4559-a13f-82087baef0a1,c37fdac2-c410-4170-b132-6c85810e2ee7,2,"The script includes a segment revealing the ""hidden architecture"" of everyday inanimate objects under magnification (e.g., textile fibers, salt crystals, snowflakes, plant surfaces) (Sequence 4 content)",,,
8c8fc328-69fc-4559-a13f-82087baef0a1,dfb8dda9-85cb-418c-8496-8ae4b2c4e51e,2,"The script includes a segment on the impact of microscopic observation on scientific advancement (e.g., understanding disease, natural processes, new materials) (Sequence 5 content)",,,
8c8fc328-69fc-4559-a13f-82087baef0a1,cda6c57d-75f7-4e9b-b851-8544fb04e683,2,"The script includes a concluding segment that inspires awe and curiosity, encouraging appreciation for the beauty and complexity in small details (Sequence 6 content)",,,
8c8fc328-69fc-4559-a13f-82087baef0a1,f7c71ac7-8492-4b00-b90c-315173bb3bd3,1,The script includes at least one analogy or comparison that makes a microscopic concept accessible to children 6–12,,,
8c8fc328-69fc-4559-a13f-82087baef0a1,9c699ac7-4b65-4603-a31a-95f57a3630a3,1,"The script includes at least one real‑world connection or ""so‑what"" (e.g., health, ecosystems, technology) aimed at relevance for adults 25–34",,,
8c8fc328-69fc-4559-a13f-82087baef0a1,eca22bef-f105-4afa-b1d6-e6ab4d04beb0,2,"The script contains no demonstrably false statements such as ""viruses are bacteria"", ""all microbes are harmful"", ""microscopic life is visible without magnification"", or ""algae are animals",,,
8c8fc328-69fc-4559-a13f-82087baef0a1,8cfc6998-2acb-45c4-abfd-62f3bdecfb1f,1,The sequence order follows the logical progression outlined in the reference (Sequences 1 through 6 in order),,,
8c8fc328-69fc-4559-a13f-82087baef0a1,cd7362e6-2d48-483c-9940-653ed7cda857,1,Any scientific jargon used is briefly explained in simple terms on first mention,,,
8c8fc328-69fc-4559-a13f-82087baef0a1,7b5dfba7-0b61-4025-a9b9-58ad0f7be6e7,1,The script’s tone and length are suitable for both broadcast and online distribution.,,,
8c8fc328-69fc-4559-a13f-82087baef0a1,ff1c96fb-c182-46c1-a1bb-c2f7a562fd53,1,The script includes both narration and visual description across all sequences (not narration-only).,,,
8c8fc328-69fc-4559-a13f-82087baef0a1,fcb117b2-ab20-4408-aff5-96f7c5cec292,1,"The tone is calm, enriching, trustworthy, and intellectually stimulating (no sensationalism or alarmist language)",,,
8c8fc328-69fc-4559-a13f-82087baef0a1,3607ae1c-3208-49e4-9096-59eb85c56933,1,"Narration and visuals are clearly distinguished (e.g., labels like “Narrator:”/“VO:” versus “Visuals:” or an equivalent consistent distinction)",,,
8c8fc328-69fc-4559-a13f-82087baef0a1,3c8dd17a-bf3c-4711-8020-8b334015cbb5,1,Each main segment/sequence begins with a start timestamp in mm:ss format,,,
8c8fc328-69fc-4559-a13f-82087baef0a1,abca618d-245f-4b7c-aaa9-9467a695a528,1,"Transitions or bridging phrases connect segments (e.g., next, as we look closer, meanwhile) to maintain flow",,,
8c8fc328-69fc-4559-a13f-82087baef0a1,2794be9e-e802-48b1-be9f-c1473861e85e,5,Overall formatting and style of the deliverable,,,
e222075d-5d62-4757-ae3c-e34b0846583b,b3019a4c-d822-47c8-baee-fa4ecb9b1d25,2,Final deliverable is an MP4 file (.mp4 extension),,,
e222075d-5d62-4757-ae3c-e34b0846583b,e0e27482-9ecb-4883-bdd3-3514b55b777b,2,Primary video codec in the file is H.264/AVC,,,
e222075d-5d62-4757-ae3c-e34b0846583b,5203dabe-1ad5-49d4-ab31-29246f1ed178,2,Video resolution is exactly 1920 x 1080 pixels.,,,
e222075d-5d62-4757-ae3c-e34b0846583b,d60c265e-49ac-4b8a-a94f-a903c489ca30,2,Total runtime is between 29.9 s and 30.1 s inclusive.,,,
e222075d-5d62-4757-ae3c-e34b0846583b,40d91fde-7dd6-460d-bfac-8f73e1c7e153,2,A scratch voiceover (VO) is present and clearly audible at least once during the 30-second runtime.,,,
e222075d-5d62-4757-ae3c-e34b0846583b,bf749a2f-d261-4963-991b-8ca91a539bce,2,Voiceover reads the lines written verbatim in GreenEnergy-30_Script.pdf.,,,
e222075d-5d62-4757-ae3c-e34b0846583b,6140bed1-fd83-46bd-97c5-84fae512c8cb,2,Exactly two full-screen text-only graphic cards are used (no underlying imagery visible).,,,
e222075d-5d62-4757-ae3c-e34b0846583b,73d1b5f3-0321-4294-80b9-2621ea16bdcd,2,"The first graphic card displays exactly: ""Renewable, reliable, green energy projects will create jobs"" (verbatim, no extra words).",,,
e222075d-5d62-4757-ae3c-e34b0846583b,876c9a12-20b3-4853-b89b-ad961af00027,2,"The second card displays exactly: ""Urge your legislator to support green energy in California"" (verbatim, no extra words).",,,
e222075d-5d62-4757-ae3c-e34b0846583b,fc48bbe9-b619-4585-aebf-5075d0d0ae9d,1,"Both graphic cards use white text on a solid black background in a clean sans‑serif font (e.g., Arial/Helvetica or similar).",,,
e222075d-5d62-4757-ae3c-e34b0846583b,21b1151f-644e-4e3f-8a7e-cd64999090e6,2,"The visuals include at least one shot clearly depicting solar energy infrastructure (e.g., solar farm or rooftop solar).",,,
e222075d-5d62-4757-ae3c-e34b0846583b,3c252acc-a00a-4448-9d64-43ad1320cd70,2,The visuals include at least one shot clearly depicting wind turbines.,,,
e222075d-5d62-4757-ae3c-e34b0846583b,d4976c2b-0a6d-426c-b319-103514679d90,1,"At least one shot shows Californians at work (any sector, e.g., office or restaurant).",,,
e222075d-5d62-4757-ae3c-e34b0846583b,a9cb054b-e589-4ae6-b55b-7edefc201923,1,"At least one shot shows people working in roles connected to green energy (e.g., solar or wind technicians, engineers).",,,
e222075d-5d62-4757-ae3c-e34b0846583b,76c2bb4e-1fa2-4aeb-bbb7-f17666410a6e,1,"At least one recognizable California location is depicted (e.g., Golden Gate Bridge, Los Angeles skyline, California beach/coastline, or Central Valley agriculture fields).",,,
e222075d-5d62-4757-ae3c-e34b0846583b,bfb02699-ff4c-441c-ba1c-f13c28f243f7,-5,"Any clearly identifiable non‑California landmark (e.g., Space Needle, New York skyline) appears in the spot.",,,
e222075d-5d62-4757-ae3c-e34b0846583b,22e55d93-8ca4-443f-985a-8fc170b42177,2,A music soundtrack is present and audible during the spot.,,,
e222075d-5d62-4757-ae3c-e34b0846583b,3b2c3fc7-b7a3-4399-b331-3e8993b08b24,1,The music track has a clear and strong ending.,,,
e222075d-5d62-4757-ae3c-e34b0846583b,d943c3de-b84e-46df-a161-0f00b8740cdc,2,The music track has a clear beginning.,,,
e222075d-5d62-4757-ae3c-e34b0846583b,a0fe8796-7033-4221-960f-338d9391924d,2,Music soundtrack is in a classical style that feels elegant but energetic.,,,
e222075d-5d62-4757-ae3c-e34b0846583b,998640ff-fbc7-4438-a5b4-38b2af4aa8a4,1,Background music is edited to fit the 30-second runtime exactly.,,,
e222075d-5d62-4757-ae3c-e34b0846583b,7b4be022-4cdd-4742-aa1d-bba084b2697a,1,Text on both graphic cards is fully within frame (not clipped) and legible against the black background.,,,
e222075d-5d62-4757-ae3c-e34b0846583b,20c90ee0-8cca-4f3c-b91f-8608f3c0714f,1,"People reflect visible diversity in age, ethnicity, and gender.",,,
e222075d-5d62-4757-ae3c-e34b0846583b,fa2937c4-64c4-47ab-afd8-14e7698ee0ef,15,"All footage is from royalty-free platforms such as but not limited to Pexels, Pixabay, Unsplash, etc.",,,
e222075d-5d62-4757-ae3c-e34b0846583b,b8019ee1-12b4-4e22-adac-2a9e37fefef1,1,Includes a shot of the Golden Gate Bridge.,,,
e222075d-5d62-4757-ae3c-e34b0846583b,2f411bd8-8ea3-46a3-b885-53e7a29a12ee,1,"Includes a shot of agriculture (e.g., farms or fields).",,,
e222075d-5d62-4757-ae3c-e34b0846583b,1913a2d9-5b6f-46f6-86ec-c06878687647,1,Includes a shot of a beach or Pacific coastline recognizable as California.,,,
e222075d-5d62-4757-ae3c-e34b0846583b,e2a08cdd-9279-46fd-a169-f4fa2e6d501d,1,Includes a shot of the Los Angeles skyline.,,,
e222075d-5d62-4757-ae3c-e34b0846583b,e7a8b9b3-bca6-4793-837a-8fbc4b20ee7e,1,Includes a shot of restaurant workers in a kitchen or service setting.,,,
e222075d-5d62-4757-ae3c-e34b0846583b,f76faeeb-b743-48cb-a36b-3f5b7a965142,1,Includes a shot of people working in an office setting.,,,
e222075d-5d62-4757-ae3c-e34b0846583b,bbbe07a8-1fa0-480a-ad95-fac63c043dff,-85,Uses any footage with people whose faces are identifiable.,,,
e222075d-5d62-4757-ae3c-e34b0846583b,7561cb8d-4275-447b-9b6a-5f59940ef0c7,2,The music track used is sourced from a stock or royalty-free provider (publicly available online).,,,
e222075d-5d62-4757-ae3c-e34b0846583b,a483c834-639a-460c-9bef-1eb63904dc34,2,"Overall pacing and tone can be considered any of the following: optimistic, proud, persuasive, medium-high energy, maintaining elegance and importance",,,
c94452e4-39cd-4846-b73a-ab75933d1ad7,46589275-d95b-408b-bd6e-ae3e0482f294,2,Final deliverable is an MP4 file (.mp4 extension),,,
c94452e4-39cd-4846-b73a-ab75933d1ad7,01dd8b45-b5d2-4f6a-a2ab-01d703dd9e57,2,Primary video codec in the file is H.264/AVC,,,
c94452e4-39cd-4846-b73a-ab75933d1ad7,ae9d3e51-af59-4612-a279-a417f550b26c,2,Resolution is exactly 1920×1080 pixels,,,
c94452e4-39cd-4846-b73a-ab75933d1ad7,48aa6982-a1d0-4bf5-ae2b-5e60fffef782,2,Total runtime is 14.9s - 15.1s inclusive seconds in length.,,,
c94452e4-39cd-4846-b73a-ab75933d1ad7,c8b6b590-81e9-4f43-9a0e-5033cd6c65f8,2,No added VO/narrator track is present.,,,
c94452e4-39cd-4846-b73a-ab75933d1ad7,a173b37e-1c35-4c68-8a15-0a4c1ba7fa1b,2,The music track is dramatic and/or somber in tone.,,,
c94452e4-39cd-4846-b73a-ab75933d1ad7,4c458bda-d597-4aa1-b1bd-1009bd16ce9a,1,The music track has a clear and strong ending.,,,
c94452e4-39cd-4846-b73a-ab75933d1ad7,97f3261d-ac6b-4b5e-b540-f68ebd31d1c6,1,The music track has a clear beginning.,,,
c94452e4-39cd-4846-b73a-ab75933d1ad7,658448eb-3daf-4a60-85c3-5e8b282b4174,1,Background music is edited to fit the 15-second runtime exactly.,,,
c94452e4-39cd-4846-b73a-ab75933d1ad7,ed879641-b62f-4609-9c7d-b3ef102e2fd6,2,The opening shot contains no on‑screen text (text‑free first shot),,,
c94452e4-39cd-4846-b73a-ab75933d1ad7,9db95bbf-0147-4c78-8913-b3b5a415829e,2,"The super line ""In a year of record profits,"" appears on screen verbatim",,,
c94452e4-39cd-4846-b73a-ab75933d1ad7,69d7c330-55b3-46da-a646-6a0b8e718064,2,"The super line ""VitalNet Health Plans"" appears on screen verbatim",,,
c94452e4-39cd-4846-b73a-ab75933d1ad7,da9bdad4-56cd-4bb8-8135-6d95e26e6883,2,"The super line ""Is cutting payments for autism care"" appears on screen verbatim",,,
c94452e4-39cd-4846-b73a-ab75933d1ad7,6d9d61d8-70b8-409b-bed7-c0057b3b18b4,2,"The super line ""Making it harder for kids and families"" appears on screen verbatim",,,
c94452e4-39cd-4846-b73a-ab75933d1ad7,480126ca-4526-4a54-a7e8-77c1b38750e8,2,"The super line ""To get the care they need."" appears on screen verbatim.",,,
c94452e4-39cd-4846-b73a-ab75933d1ad7,2b7df7cc-f00e-4329-9b7f-a909af0b3def,2,"The super line ""Kids deserve care. Not cutbacks."" appears on screen verbatim.",,,
c94452e4-39cd-4846-b73a-ab75933d1ad7,a1e2ad16-eb5d-46d5-b40a-f25cb125f9d9,2,No shot change occurs while the same super remains on screen.,,,
c94452e4-39cd-4846-b73a-ab75933d1ad7,64298ece-ce66-423a-8d52-687380a90edb,2,Each super remains on screen for enough time for an average viewer to read.,,,
c94452e4-39cd-4846-b73a-ab75933d1ad7,e7ae8598-aa9a-420f-bc39-6fb046da0929,1,Footage is darkened and/or desaturated for dramatic effect.,,,
c94452e4-39cd-4846-b73a-ab75933d1ad7,a0c00c0d-fc19-4555-b0c6-e4556e37ccb1,1,"Footage is blown up, repositioned, and/or slow down (up to 50%) for dramatic effect.",,,
c94452e4-39cd-4846-b73a-ab75933d1ad7,47e93442-1938-4a7c-832d-b8ca32e39d26,-6,Any additional supers beyond the six script lines are included,,,
c94452e4-39cd-4846-b73a-ab75933d1ad7,545e80a5-692d-4a59-b492-6e95fdb2937b,1,"The final tagline appears in two parts over black on the last card (first ""Kids deserve care."" then the full ""Kids deserve care. Not cutbacks."")",,,
c94452e4-39cd-4846-b73a-ab75933d1ad7,f3c691f2-2a3e-48e9-a161-82726e3243f8,1,All footage is royalty-free stock from public sources.,,,
c94452e4-39cd-4846-b73a-ab75933d1ad7,711e8ab4-0888-44f7-b12d-c482cbf94ebd,1,All music is royalty-free from public sources.,,,
c94452e4-39cd-4846-b73a-ab75933d1ad7,ca81f163-2ad7-4c74-8a2c-6eecc1ff1f77,-60,"Any recognizable people, identifiable faces, and/or identifiable voices are present in the deliverable.",,,
c94452e4-39cd-4846-b73a-ab75933d1ad7,7c023f0c-3e88-45bf-8921-0d00b1170844,6,All supers are built from the provided PSD assets in Care_Not_Cutbacks.psd.,,,
c94452e4-39cd-4846-b73a-ab75933d1ad7,c18d2bab-165a-493c-aa12-f5b9b806ff64,6,Every script line appears as its own super (no combining multiple script lines on one super).,,,
c94452e4-39cd-4846-b73a-ab75933d1ad7,e685a428-cc8b-4237-b646-deccd7270958,6,Each super is on a unique shot.,,,
75401f7c-396d-406d-b08e-938874ad1045,d7fb882c-c19b-423a-bd0f-62ffac845887,2,The final deliverable consists of a single file whose extension is .mp4 (case-insensitive).,,,
75401f7c-396d-406d-b08e-938874ad1045,0331e1f4-2c0c-43f4-80a7-60c13946b334,2,"The MP4 video codec is H.264/AVC (e.g., FourCC avc1 or h264).",,,
75401f7c-396d-406d-b08e-938874ad1045,790aec8a-5520-470f-98c9-86181b24e22a,2,The exported video resolution is exactly 1920 x 1080 pixels.,,,
75401f7c-396d-406d-b08e-938874ad1045,9c30bb87-f6e5-4659-ae7e-53215f0480d6,2,The total runtime is 80.0 seconds (01:20) or less.,,,
75401f7c-396d-406d-b08e-938874ad1045,134e5bd1-2074-4687-a225-37819eb29865,2,The MP4 contains at least one audio stream.,,,
75401f7c-396d-406d-b08e-938874ad1045,8c426248-a974-4464-8e56-08fe117f325a,2,The file plays from start to finish without decode errors or corruption.,,,
75401f7c-396d-406d-b08e-938874ad1045,c10381a7-44e3-4a56-ba65-4511d8c2728f,2,"The very first shot in the reel is sourced from the reference clip ""logos.mp4"" file.",,,
75401f7c-396d-406d-b08e-938874ad1045,936ccf02-5a86-420e-95c4-fb29cd9be3ea,2,"The final shot in the reel is sourced from the reference clip ""logo_2.mp4"" file.",,,
75401f7c-396d-406d-b08e-938874ad1045,6dd42ec4-11de-45e5-8b3e-20c86eab6fb1,2,"The sound effect file ""Mountain Audio - Electricity.mp3"" is audible during the opening logos.mp4 shot.",,,
75401f7c-396d-406d-b08e-938874ad1045,f3b148fc-3f40-4e02-bd1f-f805727a226e,2,"Mentions that video frames from ""CastleExplosion(TyFlow+Phoenix).mp4"" are included in the reel.",,,
75401f7c-396d-406d-b08e-938874ad1045,c6c27a14-cf81-4bb5-937d-1908f1ac0a83,2,"The sound effect file ""ExplosionFire PS01_92.wav"" is audible during the castle explosion moment(s) in ""CastleExplosion(TyFlow+Phoenix).mp4"".",,,
75401f7c-396d-406d-b08e-938874ad1045,4f384cd5-7cb4-44ad-99d0-6f98f951d756,2,"Video frames from ""Shores_Comp_04222020.mp4"" (collapsing building) are included in the reel.",,,
75401f7c-396d-406d-b08e-938874ad1045,e51c08f5-39a3-4588-95e8-6341ab474b69,2,"The sound effect file ""LargeMultiImpactsW PE280701.wav"" is used with the collapsing building footage from ""Shores_Comp_04222020.mp4"".",,,
75401f7c-396d-406d-b08e-938874ad1045,57e2f2b8-fd6d-4d8d-9458-fdae49ccc203,2,"Embedded production audio is muted for all clips except the two explicitly allowed shots: ""BuildingExplosion+Destruction(TyFlow+Phoenix).mp4"" and ""Helicopter_DustSim(TyFlow+Phoenix).mp4"".",,,
75401f7c-396d-406d-b08e-938874ad1045,0a1fb17a-8c75-4fb2-ac8b-a20c13876db7,2,A music track is present in the mix (separate from SFX and any allowed embedded audio).,,,
75401f7c-396d-406d-b08e-938874ad1045,936785a1-ea92-4503-8547-84eff37a5ca2,1,"If ""BuildingExplosion+Destruction(TyFlow+Phoenix).mp4"" is included, its embedded audio is audible during that shot.",,,
75401f7c-396d-406d-b08e-938874ad1045,43781d5c-e137-49fe-9ca2-9f0307b43170,1,"If ""Helicopter_DustSim(TyFlow+Phoenix).mp4"" is included, its embedded audio is audible during that shot.",,,
75401f7c-396d-406d-b08e-938874ad1045,7deec440-37dd-4d75-8948-87e354c99998,1,The music track exhibits a high‑energy rock or electronic style consistent with the prompt’s intent.,,,
75401f7c-396d-406d-b08e-938874ad1045,1c815e30-446e-408d-9ccf-204dab90b868,1,"The provided track ""action-energetic-rock-music-334316.mp3"" is used as the primary soundtrack.",,,
75401f7c-396d-406d-b08e-938874ad1045,f6487bbe-c777-471d-841d-601b9f5f8467,1,"If a music track other than ""action-energetic-rock-music-334316.mp3"" is used, the deliverable or accompanying note states that the song is free to use without a license or attribution.",,,
75401f7c-396d-406d-b08e-938874ad1045,46eb3cf8-78da-4e66-8c86-403f62481d83,1,The first non‑logo content shot begins within 7.0 seconds of the start.,,,
75401f7c-396d-406d-b08e-938874ad1045,b4fccfbf-33f7-4505-a9af-2806e1f284dd,1,"At least one of the advanced shots (CastleExplosion, Shores_Comp, or Helicopter_DustSim) appears within the first 15.0 seconds.",,,
75401f7c-396d-406d-b08e-938874ad1045,0e3c680b-4e4d-466e-a2cb-e17852a589b3,1,There are at least 15 cuts across the full runtime (for reels up to 80 seconds).,,,
75401f7c-396d-406d-b08e-938874ad1045,79fd4d03-b7d7-4d4e-a7ed-fec74111ee95,1,The average shot length (ASL) is 3.5 seconds or less.,,,
75401f7c-396d-406d-b08e-938874ad1045,f2ebaaee-99ad-476c-9c3f-337e0c8b9145,1,"In the first 30 seconds, at least three cuts align closely with musical downbeats or major transitions (within approximately ±3 frames).",,,
75401f7c-396d-406d-b08e-938874ad1045,8918ab70-3faa-439c-b857-abbe76f5433d,1,A water simulation shot is included.,,,
75401f7c-396d-406d-b08e-938874ad1045,29c51951-4976-46ee-9a62-0867ba11d6b7,1,A fire simulation shot is included.,,,
75401f7c-396d-406d-b08e-938874ad1045,939b48a9-eec1-411b-b633-b0a6fe8fce04,1,A smoke simulation shot is included.,,,
75401f7c-396d-406d-b08e-938874ad1045,349a4d06-66ad-492e-8cef-68fadd126b26,1,An explosions or destruction simulation shot is included (beyond the castle explosion if additional material is available).,,,
75401f7c-396d-406d-b08e-938874ad1045,3791ac1f-6c21-420d-bbe7-6bd91e68ccf1,1,"A compositing example is included (e.g., ""Shores_Comp_04222020.mp4"").",,,
75401f7c-396d-406d-b08e-938874ad1045,fe8e694b-9adc-471b-b0c3-f6e1a9fa15d4,1,"A rotoscoping example is included (e.g., ""4 Rooms(rotoScopingTest_AfterEffects).mp4"" if available in the references).",,,
75401f7c-396d-406d-b08e-938874ad1045,09584942-8198-468b-97a1-4fb36523f80e,1,"The explosion SFX (""ExplosionFire PS01_92.wav"") is timed to occur within approximately 0.5 seconds of the visible castle blast.",,,
75401f7c-396d-406d-b08e-938874ad1045,c2dbc060-a6ba-407a-adf4-273d5c7b8dc7,1,"At least two distinct impact moments in the collapsing building shot include the ""LargeMultiImpactsW PE280701.wav"" SFX within approximately 0.5 seconds of the visible impacts.",,,
75401f7c-396d-406d-b08e-938874ad1045,2dc4ad9d-adec-4fd8-9e63-09bdb4eba89c,1,The Mountain Audio - Electricity.mp3 SFX is timed to the neon sign action in logos.mp4 within approximately 0.5 seconds.,,,
75401f7c-396d-406d-b08e-938874ad1045,b3eaaf48-0145-46c7-809d-b281ab53dca9,1,The audio sample rate is 44.1 kHz or 48 kHz.,,,
75401f7c-396d-406d-b08e-938874ad1045,872e7dae-3587-4595-9979-70c1d4fbfc45,1,"No external watermarks, stock logos, or running timecode overlays are visible in the picture.",,,
75401f7c-396d-406d-b08e-938874ad1045,7f6b913e-0a86-455f-994f-aa4027b918bb,1,The image is not stretched or squashed; aspect ratio is preserved for all included shots.,,,
75401f7c-396d-406d-b08e-938874ad1045,04b75dd3-aa9c-45fe-8ae4-d1fe6591885d,1,The image fills the 1920x1080 frame without unintended letterboxing or pillarboxing (stylized mattes are acceptable if used consistently).,,,
75401f7c-396d-406d-b08e-938874ad1045,7c7c697b-f8ac-414d-88e9-c7f8ffe2ed34,1,The final logo_2.mp4 end card remains visible on screen for at least 1.0 second.,,,
75401f7c-396d-406d-b08e-938874ad1045,e2fa6c1c-42eb-482f-a0ba-0113e4913a0a,5,Overall formatting and style of the deliverable,,,
a941b6d8-4289-4500-b45a-f8e4fc94a724,c31d632b-8b5b-4d06-b1bd-9346e7799005,2,Submits a final composited video file for the VFX shot,,,
a941b6d8-4289-4500-b45a-f8e4fc94a724,5e6fba0a-ee52-448e-90a8-88856e218e78,2,Final video resolution is 3840×2160 pixels to match the Base Clip (TWT_001_02.mp4),,,
a941b6d8-4289-4500-b45a-f8e4fc94a724,c77be5b9-5dc9-49a1-8d81-afaab54c9061,2,Final video frame rate is 24000/1001 fps (≈23.976) to match the Base Clip,,,
a941b6d8-4289-4500-b45a-f8e4fc94a724,0eefb2dd-d404-459a-90f2-f9e9952bce82,2,"Final video uses a standard delivery codec (e.g., H.264/AVC) ensuring broad compatibility.",,,
a941b6d8-4289-4500-b45a-f8e4fc94a724,bed446f8-d8ef-4f1b-8f5f-3ca9662d7040,1,"Final file is delivered in a common professional container format (e.g., MP4 or MOV).",,,
a941b6d8-4289-4500-b45a-f8e4fc94a724,0fe87a39-298b-4542-b374-2eada26c0a55,1,"Final video uses a broadly compatible pixel format (e.g., yuv420p) to ensure playability.",,,
a941b6d8-4289-4500-b45a-f8e4fc94a724,78cb0582-3ae1-4d15-9590-d98357eb02c3,1,"Final video field order is progressive (non‑interlaced), matching the Base Clip",,,
a941b6d8-4289-4500-b45a-f8e4fc94a724,1ed9d1d3-a53b-4360-af8e-06875cd122de,2,Stabilizes the Overlay Clip (TWT_A001_03.mp4) so the actor/window region does not exhibit independent jitter after compositing,,,
a941b6d8-4289-4500-b45a-f8e4fc94a724,6fd121bf-7eaa-45ce-ad78-7bffa23a62d0,2,Creates a mask that restricts the Overlay Clip to only the interior of the teleportation machine window (exterior made transparent),,,
a941b6d8-4289-4500-b45a-f8e4fc94a724,5367244b-4265-4f5b-900c-fe248f76e7ec,1,Mask excludes the surrounding machine frame; no overlay content appears outside the window,,,
a941b6d8-4289-4500-b45a-f8e4fc94a724,259af888-82dd-4443-9ca0-8c646f6aabcf,1,Mask edges do not cut into the actor silhouette (no visible matte lines on the actor),,,
a941b6d8-4289-4500-b45a-f8e4fc94a724,8478a800-dc5a-4fe7-812c-e8b68b7f6a46,1,Mask remains temporally consistent with no edge chatter or jitter across frames,,,
a941b6d8-4289-4500-b45a-f8e4fc94a724,fbabfb71-4df2-472c-b793-2edade6667b0,1,No stabilization‑induced ghosting or double exposure is visible within the window region,,,
a941b6d8-4289-4500-b45a-f8e4fc94a724,2182c35e-f95d-45ad-8ce8-20e06ef20bd0,2,Selects approximately six seconds (acceptable range 5–7 s) of the actor’s performance from the stabilized Overlay Clip,,,
a941b6d8-4289-4500-b45a-f8e4fc94a724,4c57e710-dba6-4567-b4e7-1faffe0cd61d,2,"Selects approximately three seconds (acceptable range 2–4 s) of empty window after the actor ducks out, starting at about 20 seconds into the Overlay Clip (acceptable start 17–23 s)",,,
a941b6d8-4289-4500-b45a-f8e4fc94a724,d7d90e77-4bf1-4ce7-8727-1f2251cbbadd,2,Stitches the performance segment and the empty‑window segment into a single continuous Overlay Clip to create the disappearance,,,
a941b6d8-4289-4500-b45a-f8e4fc94a724,19a398b1-b5bd-45c4-9c21-4bcd786b2eab,1,The stitch between segments is visually seamless within the window (no distracting jump),,,
a941b6d8-4289-4500-b45a-f8e4fc94a724,a782721e-cda8-40cd-8e94-3c2b05a8b3bf,1,No duplicated frames or time‑warping artifacts are visible at the stitch point,,,
a941b6d8-4289-4500-b45a-f8e4fc94a724,21dcc4b7-c3dc-48ca-80ce-a307f553be60,2,Composites the stitched Overlay Clip onto the Base Clip (TWT_001_02.mp4),,,
a941b6d8-4289-4500-b45a-f8e4fc94a724,3a26dcfa-c835-4ac1-b58b-481e5a119a43,2,Tracks and matches camera motion (position/translation) of the Base Clip and applies it to the Overlay Clip,,,
a941b6d8-4289-4500-b45a-f8e4fc94a724,1015fbd6-9566-4c9a-bad3-5aba5767ba87,2,Tracks and matches scale of the Base Clip’s window and applies it to the Overlay Clip,,,
a941b6d8-4289-4500-b45a-f8e4fc94a724,633f9d49-eb21-4ef1-9b43-bbc70bacc1c0,2,Tracks and matches perspective of the Base Clip’s window and applies it to the Overlay Clip,,,
a941b6d8-4289-4500-b45a-f8e4fc94a724,ad4fb220-a7e7-4d0c-a6b3-eb35c17d5a58,1,Window corners or key features remain aligned with the Base Clip throughout the shot,,,
a941b6d8-4289-4500-b45a-f8e4fc94a724,c97fe5a5-47b4-45ba-a346-df7420d7a1c5,1,Motion blur within the window content is consistent with the Base Clip’s camera movement,,,
a941b6d8-4289-4500-b45a-f8e4fc94a724,ee24d831-fc9d-48b7-999c-bd48d3f7e696,1,Window border integrates without visible hard cutout edges or seams,,,
a941b6d8-4289-4500-b45a-f8e4fc94a724,b5587f14-aa0d-4fbb-bf0f-923acac7f990,2,Color grades the Overlay Clip to match the Base Clip’s look,,,
a941b6d8-4289-4500-b45a-f8e4fc94a724,75659830-5609-4bdf-8c5e-486d4b01d370,1,Overlay exposure/brightness is matched so the actor is not noticeably brighter or darker than the Base Clip,,,
a941b6d8-4289-4500-b45a-f8e4fc94a724,6346aaad-1412-4168-88c6-3058c54a0ea7,1,Overlay contrast and saturation are consistent with the Base Clip,,,
a941b6d8-4289-4500-b45a-f8e4fc94a724,8c087e61-1410-48fe-a746-23dfcbb4d31f,1,Overlay grain/noise level is comparable to the Base Clip,,,
a941b6d8-4289-4500-b45a-f8e4fc94a724,c512d946-4552-4e96-afac-6f438765c69f,2,Adds a flash of light at the exact moment the actor disappears,,,
a941b6d8-4289-4500-b45a-f8e4fc94a724,184e8aa3-3140-4864-bd6e-1cfa41aad191,1,Flash timing occurs within ±1 frame of the disappearance moment,,,
a941b6d8-4289-4500-b45a-f8e4fc94a724,ab455c43-5aa4-428a-b301-8e853a534276,1,Flash intensity sells the teleportation beat without excessive clipping of the frame,,,
a941b6d8-4289-4500-b45a-f8e4fc94a724,8e16ff65-60ee-4c0f-abf2-1c131610a8dc,1,Flash decays over subsequent frames (not a single static frame),,,
a941b6d8-4289-4500-b45a-f8e4fc94a724,0bdac436-c69b-4749-bd25-b90a616512ba,1,Flash interaction includes brightness lift on nearby scene elements to integrate the effect,,,
a941b6d8-4289-4500-b45a-f8e4fc94a724,4fc24775-7324-4137-b755-0cdb176a43d5,2,Adds royalty‑free smoke VFX into the window area after the disappearance,,,
a941b6d8-4289-4500-b45a-f8e4fc94a724,bcc742cf-ad8a-4369-a5ab-34f1cfbc23eb,1,Smoke appears within 0–5 frames after the flash,,,
a941b6d8-4289-4500-b45a-f8e4fc94a724,25ee7561-8897-4827-b61f-83ca04fc06a4,1,Smoke is composited without visible rectangular edges or black boxes,,,
a941b6d8-4289-4500-b45a-f8e4fc94a724,3034ce34-64f1-4b21-b751-9135027cf841,1,Smoke scale and placement are consistent with the window’s tracked perspective,,,
a941b6d8-4289-4500-b45a-f8e4fc94a724,3d8a2966-b136-4661-b1d6-c1ffca6a2cf9,1,No visible watermarks or stock logos are present in the smoke or added VFX,,,
a941b6d8-4289-4500-b45a-f8e4fc94a724,3753b276-38e5-4850-91dc-0aca41b8cc8d,2,The effect clearly communicates that the actor vanishes from within the teleportation machine window,,,
a941b6d8-4289-4500-b45a-f8e4fc94a724,11a1d5ee-bfe8-454e-905e-ed848883c816,1,"After disappearance, the window appears empty with no residual overlays that contradict the disappearance",,,
a941b6d8-4289-4500-b45a-f8e4fc94a724,00ae577b-fbbd-4ffa-a975-c38e9c3deed0,1,Cutting points around the disappearance are motivated and not distracting,,,
a941b6d8-4289-4500-b45a-f8e4fc94a724,e14f62d8-a68b-4013-8243-d22135b51ba6,1,No letterboxing or pillarboxing is introduced; the 3840×2160 frame is fully utilized,,,
a941b6d8-4289-4500-b45a-f8e4fc94a724,9b19d96b-1999-4142-a678-b1c3a102509f,1,"Final video contains no visible encoding glitches, macroblocking, or frame tearing",,,
a941b6d8-4289-4500-b45a-f8e4fc94a724,559f5f8c-ae64-4c48-beaa-4f5e07ad3d2e,1,"If an audio track is present, it contains no unintended pops, clipping, or added noise; silence is acceptable",,,
a941b6d8-4289-4500-b45a-f8e4fc94a724,69b77755-dad8-4c66-8abe-71e974a2b0a1,1,"If a room-lighting flicker is added, it is synchronized with the flash.",,,
a941b6d8-4289-4500-b45a-f8e4fc94a724,ac9f81f3-90e6-410c-89fa-af60e02121ac,5,Overall formatting and style of the deliverable,,,
a941b6d8-4289-4500-b45a-f8e4fc94a724,e5edbbbd-bb5a-4e59-a870-46269d9ad7cd,1,"Final file name is descriptive and identifiable (e.g., includes project name or shot ID).",,,
a941b6d8-4289-4500-b45a-f8e4fc94a724,4f71d27f-0ad4-41ba-80cf-d4dbefccab84,1,Stock media used is royalty-free as per the prompt.,,,
